date,time,pressure,temperature,humidity
08/02,00:00, 978.80,30.35,64.09
08/02,00:01, 978.82,30.34,64.05
08/02,00:02, 978.85,30.34,63.99
08/02,00:03, 978.85,30.33,63.92
08/02,00:04, 978.81,30.32,63.86
08/02,00:05, 978.83,30.33,63.92
08/02,00:06, 978.78,30.34,63.87
08/02,00:07, 978.71,30.33,63.86
08/02,00:08, 978.77,30.33,63.85
08/02,00:09, 978.69,30.32,63.78
08/02,00:10, 978.79,30.32,63.79
08/02,00:11, 978.81,30.32,63.73
08/02,00:12, 978.78,30.32,63.73
08/02,00:13, 978.79,30.31,63.73
08/02,00:14, 978.81,30.30,63.74
08/02,00:15, 978.76,30.29,63.67
08/02,00:16, 978.69,30.30,63.65
08/02,00:17, 978.68,30.29,63.66
08/02,00:18, 978.69,30.28,63.66
08/02,00:19, 978.72,30.28,63.61
08/02,00:20, 978.67,30.27,63.60
08/02,00:21, 978.72,30.26,63.61
08/02,00:22, 978.80,30.27,63.57
08/02,00:23, 978.77,30.26,63.54
08/02,00:24, 978.79,30.25,63.52
08/02,00:25, 978.76,30.25,63.53
08/02,00:26, 978.74,30.24,63.53
08/02,00:27, 978.73,30.23,63.49
08/02,00:28, 978.75,30.23,63.52
08/02,00:29, 978.70,30.23,63.43
08/02,00:30, 978.71,30.22,63.45
08/02,00:31, 978.67,30.21,63.44
08/02,00:32, 978.74,30.20,63.44
08/02,00:33, 978.71,30.20,63.43
08/02,00:34, 978.68,30.20,63.37
08/02,00:35, 978.72,30.19,63.35
08/02,00:36, 978.69,30.16,63.32
08/02,00:37, 978.73,30.18,63.33
08/02,00:38, 978.65,30.18,63.31
08/02,00:39, 978.66,30.16,63.24
08/02,00:40, 978.61,30.15,63.26
08/02,00:41, 978.63,30.14,63.29
08/02,00:42, 978.57,30.14,63.26
08/02,00:43, 978.59,30.14,63.23
08/02,00:44, 978.58,30.13,63.24
08/02,00:45, 978.53,30.13,63.24
08/02,00:46, 978.57,30.12,63.20
08/02,00:47, 978.63,30.12,63.22
08/02,00:48, 978.55,30.13,63.27
08/02,00:49, 978.59,30.13,63.34
08/02,00:50, 978.58,30.11,63.34
08/02,00:51, 978.55,30.11,63.39
08/02,00:52, 978.53,30.10,63.34
08/02,00:53, 978.53,30.10,63.24
08/02,00:54, 978.51,30.10,63.31
08/02,00:55, 978.52,30.09,63.37
08/02,00:56, 978.47,30.09,63.41
08/02,00:57, 978.57,30.10,63.34
08/02,00:58, 978.53,30.10,63.33
08/02,00:59, 978.52,30.09,63.24
08/02,01:00, 978.55,30.09,63.26
08/02,01:01, 978.60,30.09,63.20
08/02,01:02, 978.57,30.08,63.20
08/02,01:03, 978.57,30.09,63.17
08/02,01:04, 978.53,30.06,63.11
08/02,01:05, 978.59,30.06,63.05
08/02,01:06, 978.54,30.07,63.09
08/02,01:07, 978.55,30.07,63.15
08/02,01:08, 978.61,30.06,63.09
08/02,01:09, 978.55,30.05,63.10
08/02,01:10, 978.57,30.05,63.13
08/02,01:11, 978.50,30.04,63.10
08/02,01:12, 978.55,30.04,63.06
08/02,01:13, 978.50,30.04,63.11
08/02,01:14, 978.52,30.03,63.01
08/02,01:15, 978.52,30.05,62.98
08/02,01:16, 978.65,30.04,63.07
08/02,01:17, 978.59,30.06,62.96
08/02,01:18, 978.54,30.05,62.89
08/02,01:19, 978.62,30.04,62.88
08/02,01:20, 978.62,30.04,62.90
08/02,01:21, 978.63,30.03,62.91
08/02,01:22, 978.64,30.04,62.88
08/02,01:23, 978.69,30.03,62.84
08/02,01:24, 978.62,30.03,62.81
08/02,01:25, 978.68,30.03,62.78
08/02,01:26, 978.57,30.01,62.77
08/02,01:27, 978.55,30.04,62.84
08/02,01:28, 978.63,30.05,62.79
08/02,01:29, 978.55,30.03,62.78
08/02,01:30, 978.60,30.01,62.96
08/02,01:31, 978.65,30.03,62.89
08/02,01:32, 978.64,30.02,62.84
08/02,01:33, 978.69,30.02,62.88
08/02,01:34, 978.68,30.01,62.88
08/02,01:35, 978.68,30.01,62.85
08/02,01:36, 978.66,30.00,62.86
08/02,01:37, 978.71,29.99,62.82
08/02,01:38, 978.68,29.99,62.76
08/02,01:39, 978.74,29.97,62.78
08/02,01:40, 978.75,29.98,62.80
08/02,01:41, 978.79,29.97,62.75
08/02,01:42, 978.71,29.97,62.81
08/02,01:43, 978.67,29.96,62.83
08/02,01:44, 978.77,29.99,62.77
08/02,01:45, 978.74,29.97,62.77
08/02,01:46, 978.74,29.95,62.71
08/02,01:47, 978.79,29.95,62.86
08/02,01:48, 978.76,29.95,62.86
08/02,01:49, 978.78,29.94,62.91
08/02,01:50, 978.78,29.94,62.86
08/02,01:51, 978.74,29.93,62.92
08/02,01:52, 978.80,29.93,62.76
08/02,01:53, 978.80,29.92,62.75
08/02,01:54, 978.81,29.90,62.81
08/02,01:55, 978.79,29.91,62.81
08/02,01:56, 978.79,29.91,62.84
08/02,01:57, 978.74,29.90,62.80
08/02,01:58, 978.73,29.89,62.76
08/02,01:59, 978.74,29.88,62.82
08/02,02:00, 978.70,29.87,62.77
08/02,02:01, 978.76,29.87,62.79
08/02,02:02, 978.75,29.87,62.70
08/02,02:03, 978.79,29.85,62.73
08/02,02:04, 978.77,29.86,62.71
08/02,02:05, 978.78,29.85,62.71
08/02,02:06, 978.81,29.83,62.68
08/02,02:07, 978.78,29.83,62.66
08/02,02:08, 978.80,29.82,62.66
08/02,02:09, 978.77,29.82,62.67
08/02,02:10, 978.77,29.81,62.69
08/02,02:11, 978.78,29.81,62.71
08/02,02:12, 978.83,29.81,62.69
08/02,02:13, 978.84,29.80,62.65
08/02,02:14, 978.84,29.80,62.68
08/02,02:15, 978.84,29.80,62.68
08/02,02:16, 978.86,29.78,62.69
08/02,02:17, 978.85,29.78,62.67
08/02,02:18, 978.91,29.76,62.66
08/02,02:19, 978.87,29.75,62.66
08/02,02:20, 978.93,29.75,62.49
08/02,02:21, 978.86,29.75,62.70
08/02,02:22, 978.85,29.74,62.69
08/02,02:23, 978.88,29.74,62.69
08/02,02:24, 978.89,29.75,62.70
08/02,02:25, 978.89,29.73,62.70
08/02,02:26, 978.94,29.73,62.68
08/02,02:27, 978.85,29.74,62.74
08/02,02:28, 978.95,29.75,62.67
08/02,02:29, 978.88,29.74,62.71
08/02,02:30, 978.91,29.74,62.68
08/02,02:31, 978.88,29.72,62.66
08/02,02:32, 978.89,29.71,62.64
08/02,02:33, 978.90,29.70,62.66
08/02,02:34, 978.83,29.71,62.69
08/02,02:35, 978.89,29.71,62.67
08/02,02:36, 978.89,29.69,62.66
08/02,02:37, 978.94,29.69,62.68
08/02,02:38, 978.97,29.67,62.69
08/02,02:39, 978.96,29.66,62.69
08/02,02:40, 978.96,29.66,62.69
08/02,02:41, 978.99,29.66,62.77
08/02,02:42, 978.94,29.65,62.81
08/02,02:43, 978.95,29.64,62.87
08/02,02:44, 978.90,29.63,62.89
08/02,02:45, 978.98,29.64,62.90
08/02,02:46, 978.96,29.63,62.94
08/02,02:47, 979.01,29.62,62.94
08/02,02:48, 978.99,29.61,62.95
08/02,02:49, 978.97,29.60,62.97
08/02,02:50, 978.92,29.58,62.71
08/02,02:51, 978.98,29.58,62.95
08/02,02:52, 978.98,29.58,62.97
08/02,02:53, 979.00,29.56,62.94
08/02,02:54, 979.05,29.57,62.93
08/02,02:55, 978.97,29.56,62.92
08/02,02:56, 978.99,29.55,62.94
08/02,02:57, 979.01,29.54,62.92
08/02,02:58, 978.98,29.53,62.95
08/02,02:59, 979.00,29.54,62.92
08/02,03:00, 979.09,29.52,62.90
08/02,03:01, 979.00,29.56,62.90
08/02,03:02, 979.02,29.57,62.90
08/02,03:03, 979.00,29.54,62.88
08/02,03:04, 979.07,29.53,62.96
08/02,03:05, 979.04,29.53,62.96
08/02,03:06, 979.04,29.53,62.99
08/02,03:07, 979.02,29.52,63.00
08/02,03:08, 979.07,29.51,63.02
08/02,03:09, 979.07,29.51,63.00
08/02,03:10, 979.11,29.52,62.98
08/02,03:11, 979.12,29.52,62.99
08/02,03:12, 979.08,29.52,63.00
08/02,03:13, 979.13,29.51,62.99
08/02,03:14, 979.08,29.48,62.89
08/02,03:15, 979.00,29.47,62.91
08/02,03:16, 979.01,29.47,62.87
08/02,03:17, 979.01,29.47,62.81
08/02,03:18, 978.97,29.45,62.79
08/02,03:19, 978.96,29.44,62.80
08/02,03:20, 979.02,29.44,62.73
08/02,03:21, 978.93,29.42,63.28
08/02,03:22, 978.98,29.43,62.68
08/02,03:23, 979.08,29.43,62.66
08/02,03:24, 979.03,29.41,62.58
08/02,03:25, 979.00,29.41,62.60
08/02,03:26, 979.01,29.39,62.56
08/02,03:27, 978.99,29.38,61.73
08/02,03:28, 979.05,29.41,62.64
08/02,03:29, 979.00,29.41,62.65
08/02,03:30, 978.96,29.42,62.77
08/02,03:31, 979.06,29.43,62.69
08/02,03:32, 979.01,29.43,62.72
08/02,03:33, 979.03,29.43,62.72
08/02,03:34, 979.03,29.43,62.69
08/02,03:35, 978.96,29.42,62.66
08/02,03:36, 978.95,29.39,62.69
08/02,03:37, 978.95,29.39,62.69
08/02,03:38, 978.92,29.39,62.63
08/02,03:39, 978.97,29.41,62.66
08/02,03:40, 979.01,29.39,62.60
08/02,03:41, 979.01,29.39,62.62
08/02,03:42, 978.95,29.39,62.59
08/02,03:43, 978.93,29.38,62.63
08/02,03:44, 978.96,29.38,62.63
08/02,03:45, 978.95,29.37,62.63
08/02,03:46, 978.91,29.37,62.59
08/02,03:47, 978.93,29.36,62.66
08/02,03:48, 979.00,29.35,62.59
08/02,03:49, 978.98,29.35,62.63
08/02,03:50, 979.00,29.35,62.64
08/02,03:51, 978.95,29.35,62.63
08/02,03:52, 979.02,29.36,62.63
08/02,03:53, 978.93,29.34,62.58
08/02,03:54, 979.02,29.34,62.64
08/02,03:55, 978.99,29.34,62.62
08/02,03:56, 979.01,29.34,62.63
08/02,03:57, 979.03,29.35,62.62
08/02,03:58, 978.91,29.33,62.59
08/02,03:59, 979.00,29.33,62.63
08/02,04:00, 979.02,29.33,62.60
08/02,04:01, 979.07,29.34,62.63
08/02,04:02, 979.01,29.32,62.63
08/02,04:03, 979.00,29.31,62.65
08/02,04:04, 979.07,29.32,62.61
08/02,04:05, 979.04,29.32,62.60
08/02,04:06, 979.06,29.31,62.60
08/02,04:07, 979.13,29.32,62.63
08/02,04:08, 979.12,29.32,62.61
08/02,04:09, 979.13,29.31,62.60
08/02,04:10, 979.13,29.30,62.63
08/02,04:11, 979.10,29.34,62.61
08/02,04:12, 979.13,29.36,62.52
08/02,04:13, 979.11,29.35,62.55
08/02,04:14, 979.08,29.35,62.51
08/02,04:15, 979.07,29.34,62.59
08/02,04:16, 979.07,29.34,62.61
08/02,04:17, 979.09,29.33,62.61
08/02,04:18, 979.00,29.31,62.59
08/02,04:19, 979.10,29.30,62.56
08/02,04:20, 979.14,29.29,62.60
08/02,04:21, 979.04,29.30,62.62
08/02,04:22, 979.07,29.32,62.63
08/02,04:23, 979.09,29.33,62.71
08/02,04:24, 979.08,29.33,62.65
08/02,04:25, 979.00,29.31,62.64
08/02,04:26, 979.08,29.31,62.63
08/02,04:27, 978.96,29.30,62.60
08/02,04:28, 979.03,29.30,62.58
08/02,04:29, 979.09,29.30,62.60
08/02,04:30, 979.03,29.29,62.57
08/02,04:31, 979.05,29.29,62.61
08/02,04:32, 979.07,29.28,62.60
08/02,04:33, 979.08,29.29,62.62
08/02,04:34, 979.14,29.29,62.64
08/02,04:35, 979.12,29.28,62.64
08/02,04:36, 979.14,29.27,62.61
08/02,04:37, 979.10,29.27,62.61
08/02,04:38, 979.09,29.26,62.65
08/02,04:39, 979.07,29.32,62.64
08/02,04:40, 979.09,29.32,62.50
08/02,04:41, 979.10,29.30,62.52
08/02,04:42, 979.06,29.30,62.54
08/02,04:43, 979.07,29.29,62.56
08/02,04:44, 979.01,29.28,62.56
08/02,04:45, 979.07,29.28,62.55
08/02,04:46, 979.12,29.28,62.58
08/02,04:47, 979.15,29.28,62.62
08/02,04:48, 979.12,29.28,62.62
08/02,04:49, 979.11,29.27,62.63
08/02,04:50, 979.08,29.27,62.63
08/02,04:51, 979.01,29.26,62.67
08/02,04:52, 979.03,29.26,62.69
08/02,04:53, 979.05,29.25,62.72
08/02,04:54, 979.08,29.25,62.70
08/02,04:55, 978.99,29.29,62.69
08/02,04:56, 979.04,29.26,62.63
08/02,04:57, 979.07,29.27,62.70
08/02,04:58, 979.14,29.27,62.61
08/02,04:59, 979.16,29.27,62.59
08/02,05:00, 979.19,29.27,62.61
08/02,05:01, 979.11,29.26,62.57
08/02,05:02, 979.18,29.26,62.58
08/02,05:03, 979.14,29.27,62.59
08/02,05:04, 979.13,29.27,62.54
08/02,05:05, 979.17,29.27,62.57
08/02,05:06, 979.22,29.27,62.54
08/02,05:07, 979.24,29.26,62.54
08/02,05:08, 979.27,29.27,62.58
08/02,05:09, 979.18,29.26,62.53
08/02,05:10, 979.18,29.24,62.53
08/02,05:11, 979.20,29.26,62.56
08/02,05:12, 979.24,29.25,62.59
08/02,05:13, 979.22,29.24,62.53
08/02,05:14, 979.23,29.22,62.53
08/02,05:15, 979.25,29.23,62.56
08/02,05:16, 979.32,29.22,62.56
08/02,05:17, 979.34,29.22,62.53
08/02,05:18, 979.37,29.22,62.53
08/02,05:19, 979.43,29.22,62.52
08/02,05:20, 979.37,29.22,62.54
08/02,05:21, 979.37,29.22,62.48
08/02,05:22, 979.40,29.22,62.49
08/02,05:23, 979.36,29.21,62.46
08/02,05:24, 979.34,29.22,62.48
08/02,05:25, 979.36,29.21,62.43
08/02,05:26, 979.39,29.21,62.46
08/02,05:27, 979.41,29.21,62.46
08/02,05:28, 979.49,29.22,62.44
08/02,05:29, 979.48,29.22,62.41
08/02,05:30, 979.48,29.19,62.39
08/02,05:31, 979.49,29.20,62.41
08/02,05:32, 979.56,29.19,62.38
08/02,05:33, 979.47,29.21,62.43
08/02,05:34, 979.58,29.21,62.35
08/02,05:35, 979.50,29.19,62.39
08/02,05:36, 979.57,29.20,62.34
08/02,05:37, 979.61,29.21,62.34
08/02,05:38, 979.61,29.21,62.30
08/02,05:39, 979.63,29.20,62.38
08/02,05:40, 979.78,29.19,62.45
08/02,05:41, 979.75,29.17,62.50
08/02,05:42, 979.73,29.16,62.53
08/02,05:43, 979.84,29.15,62.57
08/02,05:44, 979.80,29.14,62.55
08/02,05:45, 979.80,29.15,62.50
08/02,05:46, 979.79,29.16,62.54
08/02,05:47, 979.82,29.17,62.55
08/02,05:48, 979.72,29.18,62.59
08/02,05:49, 979.88,29.22,62.56
08/02,05:50, 979.91,29.22,62.47
08/02,05:51, 979.89,29.22,62.46
08/02,05:52, 979.90,29.23,62.53
08/02,05:53, 979.87,29.25,62.50
08/02,05:54, 979.88,29.26,62.46
08/02,05:55, 979.93,29.27,62.46
08/02,05:56, 980.02,29.27,62.45
08/02,05:57, 979.95,29.27,62.43
08/02,05:58, 979.99,29.27,62.41
08/02,05:59, 980.05,29.27,62.38
08/02,06:00, 979.99,29.29,62.35
08/02,06:01, 979.99,29.29,62.31
08/02,06:02, 980.01,29.30,62.30
08/02,06:03, 980.02,29.31,62.26
08/02,06:04, 979.97,29.31,62.26
08/02,06:05, 979.98,29.34,62.26
08/02,06:06, 979.93,29.34,62.23
08/02,06:07, 980.01,29.34,62.21
08/02,06:08, 980.04,29.34,62.24
08/02,06:09, 979.99,29.34,62.19
08/02,06:10, 980.06,29.37,62.17
08/02,06:11, 980.07,29.38,62.09
08/02,06:12, 980.08,29.38,62.09
08/02,06:13, 980.04,29.38,62.05
08/02,06:14, 980.00,29.37,62.10
08/02,06:15, 980.10,29.36,62.11
08/02,06:16, 980.16,29.36,62.12
08/02,06:17, 980.17,29.35,62.15
08/02,06:18, 980.18,29.34,62.12
08/02,06:19, 980.19,29.33,62.16
08/02,06:20, 980.22,29.33,62.14
08/02,06:21, 980.27,29.32,62.12
08/02,06:22, 980.28,29.33,62.10
08/02,06:23, 980.31,29.31,62.06
08/02,06:24, 980.20,29.32,62.05
08/02,06:25, 980.33,29.32,62.04
08/02,06:26, 980.31,29.33,62.02
08/02,06:27, 980.32,29.34,62.02
08/02,06:28, 980.33,29.36,61.95
08/02,06:29, 980.40,29.37,61.86
08/02,06:30, 980.32,29.39,61.87
08/02,06:31, 980.34,29.41,61.85
08/02,06:32, 980.34,29.41,61.80
08/02,06:33, 980.34,29.41,62.14
08/02,06:34, 980.38,29.39,61.80
08/02,06:35, 980.41,29.39,61.80
08/02,06:36, 980.38,29.38,61.85
08/02,06:37, 980.41,29.38,61.89
08/02,06:38, 980.39,29.38,61.93
08/02,06:39, 980.35,29.37,61.93
08/02,06:40, 980.40,29.35,61.92
08/02,06:41, 980.28,29.35,61.89
08/02,06:42, 980.31,29.35,62.01
08/02,06:43, 980.38,29.32,61.98
08/02,06:44, 980.36,29.33,62.02
08/02,06:45, 980.38,29.34,61.99
08/02,06:46, 980.40,29.33,61.92
08/02,06:47, 980.41,29.34,61.89
08/02,06:48, 980.42,29.31,61.87
08/02,06:49, 980.42,29.31,61.83
08/02,06:50, 980.50,29.31,61.84
08/02,06:51, 980.55,29.32,61.82
08/02,06:52, 980.47,29.31,61.82
08/02,06:53, 980.45,29.31,61.78
08/02,06:54, 980.55,29.30,61.76
08/02,06:55, 980.42,29.31,61.77
08/02,06:56, 980.59,29.31,61.70
08/02,06:57, 980.54,29.31,61.71
08/02,06:58, 980.61,29.32,61.66
08/02,06:59, 980.56,29.31,61.60
08/02,07:00, 980.57,29.31,61.56
08/02,07:01, 980.56,29.31,61.52
08/02,07:02, 980.63,29.30,61.55
08/02,07:03, 980.69,29.30,61.53
08/02,07:04, 980.64,29.31,61.51
08/02,07:05, 980.59,29.31,61.48
08/02,07:06, 980.62,29.35,61.46
08/02,07:07, 980.66,29.35,61.42
08/02,07:08, 980.63,29.34,61.42
08/02,07:09, 980.66,29.35,61.43
08/02,07:10, 980.67,29.36,61.38
08/02,07:11, 980.63,29.37,61.35
08/02,07:12, 980.59,29.38,61.34
08/02,07:13, 980.64,29.38,61.37
08/02,07:14, 980.68,29.37,61.38
08/02,07:15, 980.64,29.38,61.78
08/02,07:16, 980.61,29.38,61.35
08/02,07:17, 980.67,29.36,61.32
08/02,07:18, 980.62,29.37,61.40
08/02,07:19, 980.65,29.41,61.33
08/02,07:20, 980.66,29.41,61.30
08/02,07:21, 980.64,29.42,61.24
08/02,07:22, 980.55,29.42,61.42
08/02,07:23, 980.71,29.48,61.07
08/02,07:24, 980.68,29.56,60.82
08/02,07:25, 980.66,29.58,60.73
08/02,07:26, 980.65,29.56,60.79
08/02,07:27, 980.70,29.57,60.77
08/02,07:28, 980.73,29.63,60.67
08/02,07:29, 980.74,29.67,60.58
08/02,07:30, 980.65,29.71,60.58
08/02,07:31, 980.77,29.73,60.51
08/02,07:32, 980.72,29.70,60.66
08/02,07:33, 980.82,29.73,60.53
08/02,07:34, 980.78,29.77,60.50
08/02,07:35, 980.85,29.78,60.45
08/02,07:36, 980.81,29.77,60.44
08/02,07:37, 980.86,29.75,60.48
08/02,07:38, 980.91,29.75,60.52
08/02,07:39, 980.91,29.74,60.57
08/02,07:40, 980.94,29.75,60.63
08/02,07:41, 980.97,29.77,60.61
08/02,07:42, 980.99,29.82,60.44
08/02,07:43, 980.98,29.83,60.42
08/02,07:44, 980.98,29.83,60.43
08/02,07:45, 981.04,29.84,60.45
08/02,07:46, 980.97,29.83,60.47
08/02,07:47, 980.93,29.84,60.48
08/02,07:48, 980.97,29.85,60.48
08/02,07:49, 981.00,29.84,60.49
08/02,07:50, 980.92,29.85,60.50
08/02,07:51, 980.98,29.85,60.47
08/02,07:52, 980.94,29.88,60.43
08/02,07:53, 980.99,29.88,60.42
08/02,07:54, 980.91,29.90,60.38
08/02,07:55, 980.95,29.92,60.35
08/02,07:56, 980.99,29.93,60.33
08/02,07:57, 980.99,29.99,60.36
08/02,07:58, 980.98,30.15,59.96
08/02,07:59, 980.90,30.25,59.69
08/02,08:00, 980.95,30.26,59.82
08/02,08:01, 980.92,30.36,59.53
08/02,08:02, 980.95,30.42,59.47
08/02,08:03, 980.92,30.47,59.42
08/02,08:04, 980.86,30.52,59.20
08/02,08:05, 980.92,30.85,58.58
08/02,08:06, 980.85,31.03,57.89
08/02,08:07, 980.85,31.18,57.54
08/02,08:08, 980.88,31.24,57.29
08/02,08:09, 980.85,31.31,57.26
08/02,08:10, 980.87,31.46,56.88
08/02,08:11, 980.83,31.51,56.86
08/02,08:12, 980.84,31.57,56.37
08/02,08:13, 980.83,31.62,56.01
08/02,08:14, 980.82,31.67,55.83
08/02,08:15, 980.81,31.70,55.74
08/02,08:16, 980.78,31.74,55.66
08/02,08:17, 980.75,31.79,55.47
08/02,08:18, 980.77,31.84,55.28
08/02,08:19, 980.72,31.91,55.12
08/02,08:20, 980.76,31.97,54.91
08/02,08:21, 980.75,32.02,54.82
08/02,08:22, 980.70,32.06,54.71
08/02,08:23, 980.79,32.08,54.64
08/02,08:24, 980.81,32.14,54.48
08/02,08:25, 980.84,32.18,54.36
08/02,08:26, 980.81,32.20,54.39
08/02,08:27, 980.78,32.25,54.17
08/02,08:28, 980.77,32.24,54.16
08/02,08:29, 980.76,32.31,54.12
08/02,08:30, 980.71,32.34,53.98
08/02,08:31, 980.75,32.38,53.95
08/02,08:32, 980.73,32.39,53.74
08/02,08:33, 980.81,32.40,53.74
08/02,08:34, 980.73,32.41,53.87
08/02,08:35, 980.80,32.40,53.72
08/02,08:36, 980.84,32.38,53.79
08/02,08:37, 980.73,32.35,53.85
08/02,08:38, 980.77,32.39,53.81
08/02,08:39, 980.73,32.41,53.88
08/02,08:40, 980.74,32.34,53.90
08/02,08:41, 980.78,32.38,53.81
08/02,08:42, 980.76,32.43,53.72
08/02,08:43, 980.82,32.45,53.64
08/02,08:44, 980.83,32.50,53.58
08/02,08:45, 980.79,32.51,53.55
08/02,08:46, 980.80,32.53,53.43
08/02,08:47, 980.74,32.51,53.56
08/02,08:48, 980.74,32.51,53.52
08/02,08:49, 980.76,32.51,53.48
08/02,08:50, 980.84,32.52,53.47
08/02,08:51, 980.82,32.53,53.50
08/02,08:52, 980.73,32.58,53.52
08/02,08:53, 980.72,32.61,53.34
08/02,08:54, 980.75,32.61,53.28
08/02,08:55, 980.76,32.62,53.26
08/02,08:56, 980.69,32.63,53.26
08/02,08:57, 980.67,32.67,53.23
08/02,08:58, 980.64,32.67,53.09
08/02,08:59, 980.63,32.70,53.04
08/02,09:00, 980.62,32.70,53.04
08/02,09:01, 980.62,32.73,52.95
08/02,09:02, 980.66,32.76,52.87
08/02,09:03, 980.66,32.72,52.91
08/02,09:04, 980.58,32.74,52.99
08/02,09:05, 980.61,32.80,52.85
08/02,09:06, 980.60,32.79,52.78
08/02,09:07, 980.65,32.79,52.87
08/02,09:08, 980.58,32.78,52.91
08/02,09:09, 980.64,32.78,52.82
08/02,09:10, 980.57,32.83,52.87
08/02,09:11, 980.60,32.79,52.85
08/02,09:12, 980.53,32.80,52.79
08/02,09:13, 980.51,32.79,53.00
08/02,09:14, 980.61,32.77,52.89
08/02,09:15, 980.58,32.78,52.91
08/02,09:16, 980.56,32.82,52.95
08/02,09:17, 980.55,32.85,52.88
08/02,09:18, 980.52,32.85,52.92
08/02,09:19, 980.55,32.80,52.96
08/02,09:20, 980.53,32.62,53.45
08/02,09:21, 980.56,32.60,53.60
08/02,09:22, 980.46,32.70,53.34
08/02,09:23, 980.50,32.69,53.36
08/02,09:24, 980.49,32.70,53.26
08/02,09:25, 980.49,32.72,53.39
08/02,09:26, 980.45,32.73,53.32
08/02,09:27, 980.46,32.70,53.29
08/02,09:28, 980.50,32.73,53.23
08/02,09:29, 980.51,32.62,53.53
08/02,09:30, 980.49,32.53,53.89
08/02,09:31, 980.54,32.57,53.71
08/02,09:32, 980.44,32.44,53.98
08/02,09:33, 980.37,32.34,54.33
08/02,09:34, 980.46,32.33,54.30
08/02,09:35, 980.45,32.28,54.60
08/02,09:36, 980.40,32.30,54.41
08/02,09:37, 980.45,32.43,54.13
08/02,09:38, 980.40,32.47,53.99
08/02,09:39, 980.43,32.53,53.84
08/02,09:40, 980.45,32.51,53.82
08/02,09:41, 980.45,32.56,53.76
08/02,09:42, 980.42,32.60,53.61
08/02,09:43, 980.35,32.54,53.70
08/02,09:44, 980.34,32.58,53.59
08/02,09:45, 980.38,32.52,53.92
08/02,09:46, 980.36,32.39,54.03
08/02,09:47, 980.25,32.28,54.36
08/02,09:48, 980.25,32.34,54.37
08/02,09:49, 980.33,32.44,54.10
08/02,09:50, 980.27,32.40,54.14
08/02,09:51, 980.31,32.41,54.19
08/02,09:52, 980.29,32.40,54.16
08/02,09:53, 980.31,32.38,54.09
08/02,09:54, 980.29,32.40,54.17
08/02,09:55, 980.25,32.37,54.15
08/02,09:56, 980.20,32.34,54.31
08/02,09:57, 980.15,32.31,54.46
08/02,09:58, 980.22,32.32,54.41
08/02,09:59, 980.17,32.28,54.63
08/02,10:00, 980.18,32.25,54.64
08/02,10:01, 980.20,32.26,54.50
08/02,10:02, 980.18,32.25,54.68
08/02,10:03, 980.15,32.25,54.62
08/02,10:04, 980.14,32.20,54.74
08/02,10:05, 980.11,32.17,54.90
08/02,10:06, 980.16,32.14,54.92
08/02,10:07, 980.15,32.12,54.99
08/02,10:08, 980.11,32.09,55.12
08/02,10:09, 980.21,32.04,55.23
08/02,10:10, 980.12,32.02,55.28
08/02,10:11, 980.15,32.00,55.36
08/02,10:12, 980.15,31.98,55.34
08/02,10:13, 980.20,31.98,55.33
08/02,10:14, 980.16,31.97,55.36
08/02,10:15, 980.17,31.93,55.51
08/02,10:16, 980.18,31.91,55.59
08/02,10:17, 980.11,31.88,55.60
08/02,10:18, 980.11,31.88,55.58
08/02,10:19, 980.08,31.84,55.71
08/02,10:20, 980.14,31.85,55.66
08/02,10:21, 979.99,31.82,55.73
08/02,10:22, 980.03,31.81,55.79
08/02,10:23, 980.09,31.78,55.90
08/02,10:24, 980.10,31.74,56.00
08/02,10:25, 980.10,31.74,56.00
08/02,10:26, 980.05,31.71,56.25
08/02,10:27, 980.11,31.69,56.11
08/02,10:28, 980.04,31.68,56.14
08/02,10:29, 980.04,31.66,56.19
08/02,10:30, 980.04,31.64,56.24
08/02,10:31, 980.01,31.65,56.24
08/02,10:32, 980.02,31.62,56.22
08/02,10:33, 980.01,31.64,56.20
08/02,10:34, 980.06,31.62,56.25
08/02,10:35, 980.00,31.56,56.41
08/02,10:36, 979.97,31.55,56.52
08/02,10:37, 979.95,31.53,56.52
08/02,10:38, 980.10,31.51,56.60
08/02,10:39, 980.02,31.50,56.63
08/02,10:40, 980.00,31.45,56.84
08/02,10:41, 980.05,31.46,56.68
08/02,10:42, 980.00,31.43,56.85
08/02,10:43, 980.00,31.43,56.87
08/02,10:44, 979.89,31.43,56.77
08/02,10:45, 979.88,31.43,56.73
08/02,10:46, 979.93,31.40,56.84
08/02,10:47, 979.90,31.38,56.87
08/02,10:48, 979.87,31.37,56.88
08/02,10:49, 979.90,31.35,56.96
08/02,10:50, 979.96,31.35,56.94
08/02,10:51, 979.88,31.34,56.94
08/02,10:52, 980.03,31.32,56.57
08/02,10:53, 980.00,31.30,57.01
08/02,10:54, 979.99,31.29,57.03
08/02,10:55, 979.91,31.27,57.02
08/02,10:56, 980.01,31.27,57.02
08/02,10:57, 979.99,31.27,57.07
08/02,10:58, 980.00,31.28,57.02
08/02,10:59, 980.00,31.26,57.00
08/02,11:00, 979.96,31.25,57.04
08/02,11:01, 980.05,31.25,57.05
08/02,11:02, 979.98,31.25,57.04
08/02,11:03, 979.96,31.21,57.09
08/02,11:04, 979.96,31.20,57.08
08/02,11:05, 980.00,31.20,57.15
08/02,11:06, 979.95,31.19,57.16
08/02,11:07, 980.02,31.20,57.11
08/02,11:08, 979.99,31.18,57.15
08/02,11:09, 979.91,31.16,57.15
08/02,11:10, 979.92,31.17,57.16
08/02,11:11, 979.85,31.14,57.25
08/02,11:12, 979.94,31.15,57.24
08/02,11:13, 979.93,31.12,57.31
08/02,11:14, 979.85,31.10,57.35
08/02,11:15, 979.87,31.10,57.32
08/02,11:16, 979.87,31.10,57.30
08/02,11:17, 979.91,31.08,57.34
08/02,11:18, 979.87,31.06,57.45
08/02,11:19, 979.89,31.04,57.46
08/02,11:20, 979.86,31.02,57.47
08/02,11:21, 979.80,31.02,57.55
08/02,11:22, 979.79,31.01,57.48
08/02,11:23, 979.82,30.99,57.52
08/02,11:24, 979.79,30.99,57.56
08/02,11:25, 979.79,30.99,57.57
08/02,11:26, 979.81,30.98,57.63
08/02,11:27, 979.78,30.96,57.62
08/02,11:28, 979.83,30.96,57.61
08/02,11:29, 979.82,30.95,57.69
08/02,11:30, 979.82,30.93,57.69
08/02,11:31, 979.79,30.91,57.70
08/02,11:32, 979.78,30.90,57.78
08/02,11:33, 979.76,30.91,57.84
08/02,11:34, 979.75,30.89,57.92
08/02,11:35, 979.73,30.89,57.86
08/02,11:36, 979.72,30.88,57.90
08/02,11:37, 979.83,30.88,57.86
08/02,11:38, 979.76,30.87,57.85
08/02,11:39, 979.69,30.87,57.79
08/02,11:40, 979.68,30.86,57.79
08/02,11:41, 979.66,30.85,57.84
08/02,11:42, 979.63,30.86,57.78
08/02,11:43, 979.64,30.83,57.85
08/02,11:44, 979.76,30.84,57.84
08/02,11:45, 979.74,30.82,57.96
08/02,11:46, 979.66,30.81,57.92
08/02,11:47, 979.75,30.81,57.88
08/02,11:48, 979.69,30.81,57.94
08/02,11:49, 979.76,30.80,57.98
08/02,11:50, 979.72,30.79,57.98
08/02,11:51, 979.75,30.79,57.96
08/02,11:52, 979.71,30.78,57.98
08/02,11:53, 979.72,30.77,57.99
08/02,11:54, 979.68,30.77,58.06
08/02,11:55, 979.65,30.74,58.05
08/02,11:56, 979.64,30.72,58.20
08/02,11:57, 979.60,30.73,58.09
08/02,11:58, 979.75,30.71,58.18
08/02,11:59, 979.67,30.70,58.19
08/02,12:00, 979.72,30.70,58.23
08/02,12:01, 979.68,30.69,58.24
08/02,12:02, 979.58,30.68,58.36
08/02,12:03, 979.71,30.67,58.38
08/02,12:04, 979.66,30.66,58.38
08/02,12:05, 979.67,30.65,58.38
08/02,12:06, 979.65,30.63,58.40
08/02,12:07, 979.72,30.64,58.47
08/02,12:08, 979.66,30.62,58.47
08/02,12:09, 979.71,30.61,58.47
08/02,12:10, 979.75,30.60,58.50
08/02,12:11, 979.69,30.60,58.50
08/02,12:12, 979.66,30.60,58.54
08/02,12:13, 979.68,30.59,58.52
08/02,12:14, 979.64,30.57,58.56
08/02,12:15, 979.60,30.58,58.52
08/02,12:16, 979.66,30.58,58.57
08/02,12:17, 979.69,30.56,58.58
08/02,12:18, 979.68,30.55,58.64
08/02,12:19, 979.67,30.55,58.55
08/02,12:20, 979.71,30.55,58.58
08/02,12:21, 979.72,30.54,58.54
08/02,12:22, 979.72,30.54,58.50
08/02,12:23, 979.66,30.54,58.78
08/02,12:24, 979.65,30.54,58.46
08/02,12:25, 979.64,30.55,58.47
08/02,12:26, 979.60,30.54,58.51
08/02,12:27, 979.63,30.54,58.48
08/02,12:28, 979.61,30.54,58.47
08/02,12:29, 979.71,30.55,58.36
08/02,12:30, 979.71,30.56,58.40
08/02,12:31, 979.66,30.54,58.38
08/02,12:32, 979.62,30.53,58.49
08/02,12:33, 979.53,30.53,58.42
08/02,12:34, 979.53,30.53,58.35
08/02,12:35, 979.57,30.52,58.41
08/02,12:36, 979.59,30.53,58.35
08/02,12:37, 979.53,30.53,58.32
08/02,12:38, 979.57,30.52,58.37
08/02,12:39, 979.50,30.51,58.33
08/02,12:40, 979.56,30.51,58.19
08/02,12:41, 979.57,30.52,58.33
08/02,12:42, 979.59,30.51,58.32
08/02,12:43, 979.51,30.50,58.39
08/02,12:44, 979.53,30.49,58.36
08/02,12:45, 979.51,30.48,58.33
08/02,12:46, 979.54,30.48,58.37
08/02,12:47, 979.57,30.48,58.41
08/02,12:48, 979.48,30.46,58.37
08/02,12:49, 979.60,30.47,58.38
08/02,12:50, 979.64,30.47,58.40
08/02,12:51, 979.61,30.47,58.29
08/02,12:52, 979.61,30.45,58.36
08/02,12:53, 979.57,30.47,58.35
08/02,12:54, 979.57,30.46,58.29
08/02,12:55, 979.56,30.44,58.30
08/02,12:56, 979.58,30.45,58.32
08/02,12:57, 979.63,30.45,58.26
08/02,12:58, 979.61,30.43,58.20
08/02,12:59, 979.59,30.42,58.29
08/02,13:00, 979.59,30.42,58.30
08/02,13:01, 979.63,30.43,58.33
08/02,13:02, 979.59,30.42,58.38
08/02,13:03, 979.62,30.40,58.37
08/02,13:04, 979.54,30.39,58.40
08/02,13:05, 979.53,30.38,58.28
08/02,13:06, 979.59,30.38,58.30
08/02,13:07, 979.51,30.37,58.24
08/02,13:08, 979.58,30.38,58.23
08/02,13:09, 979.51,30.35,58.41
08/02,13:10, 979.54,30.35,58.33
08/02,13:11, 979.56,30.34,58.37
08/02,13:12, 979.44,30.34,58.30
08/02,13:13, 979.50,30.34,58.22
08/02,13:14, 979.42,30.33,58.20
08/02,13:15, 979.47,30.34,58.21
08/02,13:16, 979.44,30.32,58.17
08/02,13:17, 979.51,30.31,58.15
08/02,13:18, 979.44,30.32,58.29
08/02,13:19, 979.43,30.30,58.19
08/02,13:20, 979.40,30.30,58.16
08/02,13:21, 979.42,30.29,58.35
08/02,13:22, 979.38,30.28,58.22
08/02,13:23, 979.45,30.29,58.24
08/02,13:24, 979.43,30.28,58.32
08/02,13:25, 979.42,30.27,58.21
08/02,13:26, 979.43,30.28,58.25
08/02,13:27, 979.43,30.26,58.20
08/02,13:28, 979.36,30.27,58.15
08/02,13:29, 979.44,30.27,58.06
08/02,13:30, 979.35,30.26,58.06
08/02,13:31, 979.46,30.26,58.06
08/02,13:32, 979.46,30.26,58.04
08/02,13:33, 979.43,30.26,57.97
08/02,13:34, 979.45,30.25,57.98
08/02,13:35, 979.47,30.25,57.95
08/02,13:36, 979.50,30.25,58.00
08/02,13:37, 979.45,30.25,57.91
08/02,13:38, 979.51,30.24,57.94
08/02,13:39, 979.49,30.24,57.90
08/02,13:40, 979.48,30.24,57.90
08/02,13:41, 979.54,30.24,57.89
08/02,13:42, 979.54,30.24,57.89
08/02,13:43, 979.54,30.24,57.83
08/02,13:44, 979.52,30.22,57.55
08/02,13:45, 979.50,30.23,57.91
08/02,13:46, 979.46,30.22,57.83
08/02,13:47, 979.50,30.21,57.80
08/02,13:48, 979.49,30.21,57.80
08/02,13:49, 979.57,30.22,57.74
08/02,13:50, 979.62,30.22,57.78
08/02,13:51, 979.57,30.22,57.76
08/02,13:52, 979.58,30.21,57.84
08/02,13:53, 979.51,30.20,57.82
08/02,13:54, 979.58,30.19,57.80
08/02,13:55, 979.55,30.19,57.79
08/02,13:56, 979.60,30.18,57.80
08/02,13:57, 979.60,30.18,57.79
08/02,13:58, 979.54,30.18,57.76
08/02,13:59, 979.60,30.16,57.80
08/02,14:00, 979.67,30.17,57.83
08/02,14:01, 979.49,30.16,57.82
08/02,14:02, 979.55,30.15,57.82
08/02,14:03, 979.57,30.16,57.88
08/02,14:04, 979.64,30.15,57.81
08/02,14:05, 979.59,30.16,57.97
08/02,14:06, 979.65,30.16,57.95
08/02,14:07, 979.53,30.15,57.93
08/02,14:08, 979.57,30.16,58.04
08/02,14:09, 979.53,30.15,58.00
08/02,14:10, 979.52,30.15,57.94
08/02,14:11, 979.47,30.15,57.92
08/02,14:12, 979.56,30.15,57.81
08/02,14:13, 979.54,30.16,57.78
08/02,14:14, 979.47,30.15,57.52
08/02,14:15, 979.49,30.15,57.80
08/02,14:16, 979.58,30.15,57.82
08/02,14:17, 979.42,30.15,57.81
08/02,14:18, 979.48,30.14,57.74
08/02,14:19, 979.53,30.15,57.70
08/02,14:20, 979.51,30.14,57.67
08/02,14:21, 979.53,30.15,57.74
08/02,14:22, 979.51,30.14,57.72
08/02,14:23, 979.45,30.14,57.83
08/02,14:24, 979.51,30.14,57.73
08/02,14:25, 979.62,30.14,57.73
08/02,14:26, 979.44,30.13,57.74
08/02,14:27, 979.52,30.13,57.65
08/02,14:28, 979.51,30.14,57.69
08/02,14:29, 979.54,30.14,57.63
08/02,14:30, 979.51,30.14,57.63
08/02,14:31, 979.41,30.13,57.69
08/02,14:32, 979.45,30.14,57.62
08/02,14:33, 979.44,30.13,57.64
08/02,14:34, 979.40,30.12,57.69
08/02,14:35, 979.41,30.13,57.66
08/02,14:36, 979.43,30.13,57.71
08/02,14:37, 979.38,30.13,57.14
08/02,14:38, 979.36,30.12,57.67
08/02,14:39, 979.42,30.12,57.66
08/02,14:40, 979.41,30.11,57.76
08/02,14:41, 979.47,30.11,57.63
08/02,14:42, 979.44,30.11,57.66
08/02,14:43, 979.42,30.10,57.63
08/02,14:44, 979.42,30.10,57.56
08/02,14:45, 979.34,30.10,57.56
08/02,14:46, 979.45,30.10,57.54
08/02,14:47, 979.49,30.09,57.60
08/02,14:48, 979.50,30.10,57.55
08/02,14:49, 979.41,30.07,57.58
08/02,14:50, 979.41,30.07,57.60
08/02,14:51, 979.55,30.09,57.66
08/02,14:52, 979.38,30.07,57.60
08/02,14:53, 979.41,30.08,57.60
08/02,14:54, 979.51,30.07,57.64
08/02,14:55, 979.38,30.07,57.63
08/02,14:56, 979.43,30.05,57.71
08/02,14:57, 979.49,30.05,57.81
08/02,14:58, 979.37,30.05,57.72
08/02,14:59, 979.37,30.05,57.66
08/02,15:00, 979.40,30.03,57.96
08/02,15:01, 979.39,30.04,57.72
08/02,15:02, 979.42,30.05,57.61
08/02,15:03, 979.36,30.04,57.63
08/02,15:04, 979.32,30.03,57.61
08/02,15:05, 979.37,30.03,57.62
08/02,15:06, 979.34,30.03,57.76
08/02,15:07, 979.35,30.04,57.65
08/02,15:08, 979.31,30.03,57.58
08/02,15:09, 979.33,30.02,57.60
08/02,15:10, 979.34,30.03,57.62
08/02,15:11, 979.34,30.03,57.56
08/02,15:12, 979.33,30.02,57.58
08/02,15:13, 979.33,30.02,57.60
08/02,15:14, 979.33,30.02,57.56
08/02,15:15, 979.36,30.02,57.61
08/02,15:16, 979.25,30.01,57.58
08/02,15:17, 979.33,30.00,57.60
08/02,15:18, 979.36,30.01,57.64
08/02,15:19, 979.31,30.01,57.64
08/02,15:20, 979.41,30.00,57.62
08/02,15:21, 979.33,30.01,57.63
08/02,15:22, 979.43,30.02,57.65
08/02,15:23, 979.43,30.02,57.57
08/02,15:24, 979.31,30.01,57.58
08/02,15:25, 979.43,30.01,57.60
08/02,15:26, 979.40,29.99,57.61
08/02,15:27, 979.43,30.01,57.61
08/02,15:28, 979.48,30.01,57.56
08/02,15:29, 979.31,30.01,57.52
08/02,15:30, 979.45,30.01,57.50
08/02,15:31, 979.34,30.01,57.53
08/02,15:32, 979.34,30.01,57.55
08/02,15:33, 979.42,30.01,57.43
08/02,15:34, 979.41,30.00,57.42
08/02,15:35, 979.36,30.01,57.40
08/02,15:36, 979.47,30.00,57.35
08/02,15:37, 979.45,29.99,57.27
08/02,15:38, 979.45,29.99,57.41
08/02,15:39, 979.41,30.00,57.36
08/02,15:40, 979.42,29.99,57.32
08/02,15:41, 979.46,30.00,57.31
08/02,15:42, 979.51,29.99,57.42
08/02,15:43, 979.41,29.98,57.39
08/02,15:44, 979.49,29.97,57.36
08/02,15:45, 979.49,29.98,57.32
08/02,15:46, 979.53,29.96,57.39
08/02,15:47, 979.55,29.98,57.31
08/02,15:48, 979.48,29.97,57.28
08/02,15:49, 979.51,29.95,57.43
08/02,15:50, 979.54,29.97,57.51
08/02,15:51, 979.54,29.95,57.40
08/02,15:52, 979.51,29.95,57.44
08/02,15:53, 979.52,29.96,57.34
08/02,15:54, 979.55,29.94,57.02
08/02,15:55, 979.53,29.95,57.43
08/02,15:56, 979.63,29.95,57.37
08/02,15:57, 979.57,29.95,57.37
08/02,15:58, 979.63,29.96,57.33
08/02,15:59, 979.62,29.95,57.31
08/02,16:00, 979.62,29.95,57.36
08/02,16:01, 979.57,29.95,57.36
08/02,16:02, 979.62,29.95,57.34
08/02,16:03, 979.60,29.94,57.36
08/02,16:04, 979.59,29.95,57.34
08/02,16:05, 979.62,29.95,57.38
08/02,16:06, 979.63,29.95,57.34
08/02,16:07, 979.60,29.93,57.34
08/02,16:08, 979.55,29.94,57.26
08/02,16:09, 979.66,29.95,57.15
08/02,16:10, 979.59,29.95,57.25
08/02,16:11, 979.66,29.96,57.37
08/02,16:12, 979.64,29.94,57.32
08/02,16:13, 979.60,29.94,57.45
08/02,16:14, 979.66,29.94,57.30
08/02,16:15, 979.60,29.94,57.32
08/02,16:16, 979.66,29.94,57.30
08/02,16:17, 979.62,29.93,57.29
08/02,16:18, 979.58,29.92,57.23
08/02,16:19, 979.65,29.93,57.28
08/02,16:20, 979.65,29.93,57.24
08/02,16:21, 979.66,29.94,57.18
08/02,16:22, 979.65,29.93,57.14
08/02,16:23, 979.72,29.94,57.12
08/02,16:24, 979.69,29.94,57.24
08/02,16:25, 979.70,29.94,57.13
08/02,16:26, 979.72,29.94,57.07
08/02,16:27, 979.69,29.92,57.04
08/02,16:28, 979.69,29.94,57.03
08/02,16:29, 979.72,29.94,56.87
08/02,16:30, 979.69,29.94,56.90
08/02,16:31, 979.60,29.92,56.92
08/02,16:32, 979.72,29.92,56.89
08/02,16:33, 979.65,29.93,56.88
08/02,16:34, 979.74,29.92,56.89
08/02,16:35, 979.68,29.91,56.82
08/02,16:36, 979.75,29.92,56.81
08/02,16:37, 979.73,29.91,56.74
08/02,16:38, 979.67,29.91,56.85
08/02,16:39, 979.74,29.92,56.76
08/02,16:40, 979.74,29.92,56.87
08/02,16:41, 979.74,29.91,56.85
08/02,16:42, 979.64,29.91,56.79
08/02,16:43, 979.59,29.91,56.89
08/02,16:44, 979.55,29.90,56.80
08/02,16:45, 979.66,29.90,56.85
08/02,16:46, 979.66,29.90,56.74
08/02,16:47, 979.66,29.90,56.73
08/02,16:48, 979.66,29.90,56.79
08/02,16:49, 979.62,29.89,56.74
08/02,16:50, 979.64,29.89,56.77
08/02,16:51, 979.62,29.89,56.67
08/02,16:52, 979.70,29.89,56.74
08/02,16:53, 979.67,29.89,56.69
08/02,16:54, 979.70,29.89,56.69
08/02,16:55, 979.71,29.88,56.73
08/02,16:56, 979.64,29.89,56.72
08/02,16:57, 979.64,29.89,56.64
08/02,16:58, 979.64,29.89,56.80
08/02,16:59, 979.70,29.89,56.76
08/02,17:00, 979.70,29.89,56.72
08/02,17:01, 979.75,29.89,56.82
08/02,17:02, 979.76,29.89,56.74
08/02,17:03, 979.70,29.89,56.65
08/02,17:04, 979.73,29.89,56.78
08/02,17:05, 979.70,29.89,56.80
08/02,17:06, 979.63,29.88,56.83
08/02,17:07, 979.70,29.89,56.88
08/02,17:08, 979.70,29.87,56.84
08/02,17:09, 979.71,29.88,56.96
08/02,17:10, 979.71,29.88,56.92
08/02,17:11, 979.65,29.88,56.83
08/02,17:12, 979.72,29.87,56.85
08/02,17:13, 979.74,29.88,56.91
08/02,17:14, 979.73,29.87,56.83
08/02,17:15, 979.75,29.87,56.78
08/02,17:16, 979.75,29.87,56.82
08/02,17:17, 979.75,29.88,56.73
08/02,17:18, 979.84,29.87,56.74
08/02,17:19, 979.85,29.88,56.78
08/02,17:20, 979.84,29.87,56.75
08/02,17:21, 979.90,29.87,56.72
08/02,17:22, 979.93,29.87,56.68
08/02,17:23, 979.88,29.88,56.64
08/02,17:24, 979.84,29.87,56.65
08/02,17:25, 979.87,29.87,56.58
08/02,17:26, 979.83,29.86,56.67
08/02,17:27, 979.89,29.87,56.59
08/02,17:28, 979.84,29.87,56.59
08/02,17:29, 979.87,29.87,56.77
08/02,17:30, 979.82,29.86,56.77
08/02,17:31, 979.76,29.86,56.72
08/02,17:32, 979.82,29.86,56.62
08/02,17:33, 979.88,29.86,56.76
08/02,17:34, 979.82,29.86,56.76
08/02,17:35, 979.80,29.86,56.78
08/02,17:36, 979.82,29.86,56.67
08/02,17:37, 979.79,29.86,56.69
08/02,17:38, 979.83,29.86,56.66
08/02,17:39, 979.81,29.85,56.75
08/02,17:40, 979.83,29.86,56.68
08/02,17:41, 979.82,29.86,56.71
08/02,17:42, 979.83,29.86,56.76
08/02,17:43, 979.86,29.86,56.85
08/02,17:44, 979.83,29.86,56.77
08/02,17:45, 979.85,29.86,56.76
08/02,17:46, 979.88,29.86,56.86
08/02,17:47, 979.89,29.87,56.75
08/02,17:48, 979.88,29.86,56.81
08/02,17:49, 979.94,29.86,56.93
08/02,17:50, 979.88,29.86,56.86
08/02,17:51, 979.90,29.85,56.81
08/02,17:52, 979.96,29.86,56.81
08/02,17:53, 980.07,29.85,56.79
08/02,17:54, 979.92,29.85,56.99
08/02,17:55, 980.04,29.85,56.89
08/02,17:56, 979.91,29.84,56.42
08/02,17:57, 980.01,29.85,56.89
08/02,17:58, 980.02,29.84,57.02
08/02,17:59, 980.01,29.85,57.01
08/02,18:00, 980.03,29.85,57.00
08/02,18:01, 980.09,29.85,56.98
08/02,18:02, 980.03,29.85,57.00
08/02,18:03, 980.09,29.85,56.96
08/02,18:04, 980.10,29.84,57.01
08/02,18:05, 980.12,29.85,56.96
08/02,18:06, 980.15,29.85,56.92
08/02,18:07, 980.14,29.84,56.90
08/02,18:08, 980.08,29.84,56.86
08/02,18:09, 980.05,29.84,56.81
08/02,18:10, 980.08,29.84,56.79
08/02,18:11, 980.17,29.84,56.73
08/02,18:12, 980.13,29.84,56.73
08/02,18:13, 980.12,29.83,56.72
08/02,18:14, 980.13,29.82,56.70
08/02,18:15, 980.14,29.82,56.74
08/02,18:16, 980.17,29.82,56.74
08/02,18:17, 980.19,29.80,56.65
08/02,18:18, 980.14,29.80,56.67
08/02,18:19, 980.19,29.80,56.78
08/02,18:20, 980.21,29.81,56.70
08/02,18:21, 980.26,29.81,56.70
08/02,18:22, 980.31,29.81,56.70
08/02,18:23, 980.29,29.81,56.67
08/02,18:24, 980.29,29.81,56.68
08/02,18:25, 980.29,29.79,56.71
08/02,18:26, 980.33,29.78,56.72
08/02,18:27, 980.30,29.80,56.74
08/02,18:28, 980.30,29.78,56.73
08/02,18:29, 980.34,29.78,56.78
08/02,18:30, 980.34,29.78,56.79
08/02,18:31, 980.34,29.78,56.80
08/02,18:32, 980.35,29.77,56.96
08/02,18:33, 980.37,29.76,56.95
08/02,18:34, 980.30,29.76,56.96
08/02,18:35, 980.35,29.75,56.95
08/02,18:36, 980.34,29.74,57.03
08/02,18:37, 980.42,29.76,57.01
08/02,18:38, 980.36,29.74,56.92
08/02,18:39, 980.39,29.74,57.01
08/02,18:40, 980.37,29.75,57.04
08/02,18:41, 980.49,29.75,57.11
08/02,18:42, 980.48,29.74,57.12
08/02,18:43, 980.43,29.73,57.19
08/02,18:44, 980.43,29.73,57.20
08/02,18:45, 980.53,29.74,57.14
08/02,18:46, 980.55,29.75,57.18
08/02,18:47, 980.56,29.74,57.19
08/02,18:48, 980.69,29.75,57.24
08/02,18:49, 980.59,29.74,57.23
08/02,18:50, 980.60,29.75,57.27
08/02,18:51, 980.71,29.75,57.27
08/02,18:52, 980.65,29.72,57.33
08/02,18:53, 980.68,29.74,57.29
08/02,18:54, 980.69,29.73,57.32
08/02,18:55, 980.73,29.74,57.35
08/02,18:56, 980.72,29.73,57.39
08/02,18:57, 980.71,29.73,57.39
08/02,18:58, 980.71,29.73,57.42
08/02,18:59, 980.69,29.73,57.41
08/02,19:00, 980.70,29.72,57.46
08/02,19:01, 980.72,29.71,57.48
08/02,19:02, 980.70,29.72,57.55
08/02,19:03, 980.82,29.72,57.51
08/02,19:04, 980.75,29.72,57.57
08/02,19:05, 980.84,29.72,57.56
08/02,19:06, 980.81,29.72,57.59
08/02,19:07, 980.81,29.72,57.61
08/02,19:08, 980.92,29.72,57.64
08/02,19:09, 980.90,29.70,57.70
08/02,19:10, 980.85,29.71,57.72
08/02,19:11, 980.92,29.71,57.72
08/02,19:12, 980.89,29.70,57.68
08/02,19:13, 980.96,29.70,57.78
08/02,19:14, 980.92,29.70,57.83
08/02,19:15, 980.97,29.69,57.86
08/02,19:16, 980.96,29.70,57.84
08/02,19:17, 981.03,29.70,57.88
08/02,19:18, 980.95,29.70,57.87
08/02,19:19, 980.94,29.71,57.83
08/02,19:20, 980.94,29.71,58.07
08/02,19:21, 980.96,29.71,57.85
08/02,19:22, 980.91,29.71,57.89
08/02,19:23, 980.83,29.71,57.89
08/02,19:24, 980.92,29.71,57.88
08/02,19:25, 980.92,29.71,57.92
08/02,19:26, 980.87,29.72,57.94
08/02,19:27, 980.98,29.72,57.94
08/02,19:28, 980.99,29.72,57.95
08/02,19:29, 980.99,29.72,57.97
08/02,19:30, 981.00,29.71,57.98
08/02,19:31, 980.96,29.72,57.99
08/02,19:32, 980.97,29.71,58.01
08/02,19:33, 981.01,29.72,58.04
08/02,19:34, 981.06,29.71,58.06
08/02,19:35, 981.09,29.72,58.08
08/02,19:36, 981.10,29.72,58.11
08/02,19:37, 981.09,29.71,58.10
08/02,19:38, 981.09,29.71,58.11
08/02,19:39, 981.07,29.72,58.15
08/02,19:40, 981.04,29.72,58.15
08/02,19:41, 981.03,29.71,58.17
08/02,19:42, 981.08,29.71,58.22
08/02,19:43, 981.07,29.70,58.18
08/02,19:44, 981.07,29.70,58.25
08/02,19:45, 981.07,29.70,58.25
08/02,19:46, 981.13,29.70,58.29
08/02,19:47, 981.13,29.70,58.29
08/02,19:48, 981.10,29.70,58.32
08/02,19:49, 981.19,29.70,58.37
08/02,19:50, 981.14,29.71,58.38
08/02,19:51, 981.16,29.71,58.39
08/02,19:52, 981.19,29.70,58.43
08/02,19:53, 981.20,29.69,58.47
08/02,19:54, 981.30,29.70,58.50
08/02,19:55, 981.18,29.70,58.50
08/02,19:56, 981.24,29.70,58.55
08/02,19:57, 981.34,29.71,58.60
08/02,19:58, 981.24,29.70,58.61
08/02,19:59, 981.29,29.70,58.61
08/02,20:00, 981.30,29.70,58.63
08/02,20:01, 981.37,29.69,58.64
08/02,20:02, 981.40,29.69,58.66
08/02,20:03, 981.38,29.70,58.71
08/02,20:04, 981.39,29.69,58.78
08/02,20:05, 981.37,29.69,58.77
08/02,20:06, 981.40,29.69,58.78
08/02,20:07, 981.40,29.69,58.81
08/02,20:08, 981.50,29.69,58.81
08/02,20:09, 981.55,29.70,58.87
08/02,20:10, 981.58,29.70,58.86
08/02,20:11, 981.50,29.68,58.60
08/02,20:12, 981.44,29.68,58.91
08/02,20:13, 981.50,29.68,58.88
08/02,20:14, 981.62,29.69,58.93
08/02,20:15, 981.57,29.69,58.92
08/02,20:16, 981.56,29.69,58.93
08/02,20:17, 981.57,29.69,59.00
08/02,20:18, 981.55,29.68,59.00
08/02,20:19, 981.53,29.69,59.00
08/02,20:20, 981.58,29.68,59.06
08/02,20:21, 981.62,29.69,59.06
08/02,20:22, 981.58,29.68,59.09
08/02,20:23, 981.62,29.69,59.11
08/02,20:24, 981.66,29.68,59.14
08/02,20:25, 981.69,29.68,59.16
08/02,20:26, 981.65,29.67,59.18
08/02,20:27, 981.64,29.67,59.37
08/02,20:28, 981.71,29.67,59.20
08/02,20:29, 981.72,29.68,59.23
08/02,20:30, 981.77,29.67,59.34
08/02,20:31, 981.69,29.66,59.30
08/02,20:32, 981.81,29.68,59.31
08/02,20:33, 981.71,29.67,59.30
08/02,20:34, 981.73,29.67,59.33
08/02,20:35, 981.75,29.66,59.40
08/02,20:36, 981.75,29.66,59.45
08/02,20:37, 981.75,29.66,59.46
08/02,20:38, 981.75,29.66,59.46
08/02,20:39, 981.78,29.66,59.45
08/02,20:40, 981.76,29.65,59.50
08/02,20:41, 981.81,29.66,59.50
08/02,20:42, 981.84,29.66,59.54
08/02,20:43, 981.78,29.66,59.50
08/02,20:44, 981.82,29.65,59.64
08/02,20:45, 981.85,29.65,59.61
08/02,20:46, 981.79,29.65,59.63
08/02,20:47, 981.83,29.66,59.60
08/02,20:48, 981.85,29.65,59.68
08/02,20:49, 981.79,29.63,59.76
08/02,20:50, 981.85,29.64,59.65
08/02,20:51, 981.75,29.64,59.72
08/02,20:52, 981.80,29.64,59.79
08/02,20:53, 981.79,29.63,59.74
08/02,20:54, 981.87,29.63,59.78
08/02,20:55, 981.85,29.63,59.78
08/02,20:56, 981.82,29.63,59.78
08/02,20:57, 981.75,29.63,59.84
08/02,20:58, 981.80,29.64,59.88
08/02,20:59, 981.85,29.63,59.77
08/02,21:00, 981.84,29.63,59.81
08/02,21:01, 981.82,29.63,59.86
08/02,21:02, 981.86,29.62,59.92
08/02,21:03, 981.80,29.62,60.27
08/02,21:04, 981.86,29.62,60.01
08/02,21:05, 981.80,29.62,60.01
08/02,21:06, 981.83,29.62,60.03
08/02,21:07, 981.81,29.61,60.00
08/02,21:08, 981.89,29.62,60.01
08/02,21:09, 981.84,29.63,59.99
08/02,21:10, 981.85,29.62,59.94
08/02,21:11, 981.92,29.62,60.10
08/02,21:12, 981.86,29.62,60.10
08/02,21:13, 981.96,29.62,60.04
08/02,21:14, 981.96,29.62,60.09
08/02,21:15, 981.93,29.61,60.12
08/02,21:16, 981.87,29.61,60.16
08/02,21:17, 981.97,29.62,60.19
08/02,21:18, 981.94,29.60,59.94
08/02,21:19, 981.94,29.62,60.12
08/02,21:20, 981.98,29.63,60.19
08/02,21:21, 981.99,29.61,60.19
08/02,21:22, 981.89,29.61,60.18
08/02,21:23, 981.94,29.60,60.19
08/02,21:24, 981.92,29.61,60.20
08/02,21:25, 981.94,29.60,60.14
08/02,21:26, 981.92,29.61,60.25
08/02,21:27, 981.95,29.61,60.28
08/02,21:28, 981.99,29.61,60.29
08/02,21:29, 982.01,29.61,60.28
08/02,21:30, 981.96,29.60,60.33
08/02,21:31, 982.02,29.62,60.22
08/02,21:32, 981.96,29.61,60.26
08/02,21:33, 981.97,29.60,60.36
08/02,21:34, 981.92,29.61,60.37
08/02,21:35, 981.88,29.60,60.39
08/02,21:36, 981.98,29.61,60.31
08/02,21:37, 981.88,29.60,60.34
08/02,21:38, 981.91,29.60,60.34
08/02,21:39, 981.91,29.60,60.38
08/02,21:40, 981.91,29.60,60.39
08/02,21:41, 981.91,29.60,60.42
08/02,21:42, 981.95,29.61,60.44
08/02,21:43, 981.88,29.60,60.50
08/02,21:44, 981.93,29.60,60.41
08/02,21:45, 981.88,29.60,60.51
08/02,21:46, 981.91,29.60,60.47
08/02,21:47, 981.86,29.60,60.52
08/02,21:48, 981.94,29.60,60.55
08/02,21:49, 981.87,29.59,60.47
08/02,21:50, 981.93,29.60,60.48
08/02,21:51, 982.00,29.60,60.57
08/02,21:52, 981.88,29.60,60.59
08/02,21:53, 981.92,29.58,60.61
08/02,21:54, 981.98,29.58,60.22
08/02,21:55, 981.93,29.59,60.60
08/02,21:56, 981.87,29.59,60.64
08/02,21:57, 981.87,29.59,60.66
08/02,21:58, 981.91,29.60,60.67
08/02,21:59, 981.87,29.59,60.65
08/02,22:00, 981.88,29.60,60.65
08/02,22:01, 981.91,29.60,60.70
08/02,22:02, 981.90,29.59,60.71
08/02,22:03, 981.93,29.60,60.77
08/02,22:04, 981.90,29.59,60.77
08/02,22:05, 981.92,29.58,60.77
08/02,22:06, 981.85,29.58,60.86
08/02,22:07, 981.87,29.59,60.81
08/02,22:08, 981.89,29.58,60.83
08/02,22:09, 981.85,29.58,60.85
08/02,22:10, 981.87,29.57,60.84
08/02,22:11, 981.85,29.58,60.84
08/02,22:12, 981.85,29.58,60.89
08/02,22:13, 981.87,29.57,60.87
08/02,22:14, 981.89,29.58,60.93
08/02,22:15, 981.90,29.57,60.84
08/02,22:16, 981.96,29.57,60.93
08/02,22:17, 981.92,29.57,60.93
08/02,22:18, 982.02,29.57,60.90
08/02,22:19, 981.95,29.57,60.93
08/02,22:20, 981.95,29.57,60.96
08/02,22:21, 981.89,29.57,60.95
08/02,22:22, 981.92,29.57,60.95
08/02,22:23, 981.89,29.56,61.03
08/02,22:24, 981.91,29.58,60.99
08/02,22:25, 981.94,29.58,60.97
08/02,22:26, 981.93,29.57,60.98
08/02,22:27, 981.94,29.56,61.03
08/02,22:28, 981.92,29.56,61.03
08/02,22:29, 981.95,29.57,61.02
08/02,22:30, 981.94,29.56,61.10
08/02,22:31, 981.89,29.56,61.10
08/02,22:32, 981.89,29.56,61.07
08/02,22:33, 982.00,29.56,61.05
08/02,22:34, 981.90,29.55,61.15
08/02,22:35, 981.88,29.56,61.06
08/02,22:36, 981.99,29.57,61.76
08/02,22:37, 981.95,29.57,61.52
08/02,22:38, 981.96,29.60,61.83
08/02,22:39, 982.03,29.60,61.78
08/02,22:40, 982.06,29.60,62.39
08/02,22:41, 982.02,29.60,62.48
08/02,22:42, 982.04,29.59,62.99
08/02,22:43, 982.00,29.58,62.70
08/02,22:44, 982.04,29.57,63.12
08/02,22:45, 982.02,29.57,63.05
08/02,22:46, 982.03,29.55,63.26
08/02,22:47, 982.00,29.54,63.35
08/02,22:48, 982.01,29.53,63.36
08/02,22:49, 981.98,29.51,63.47
08/02,22:50, 982.02,29.52,63.51
08/02,22:51, 982.00,29.53,63.46
08/02,22:52, 982.00,29.51,63.57
08/02,22:53, 982.07,29.50,63.68
08/02,22:54, 982.12,29.49,63.74
08/02,22:55, 982.09,29.47,63.93
08/02,22:56, 982.11,29.47,63.85
08/02,22:57, 982.12,29.45,64.14
08/02,22:58, 982.11,29.45,64.22
08/02,22:59, 982.21,29.44,64.28
08/02,23:00, 982.14,29.45,64.25
08/02,23:01, 982.11,29.43,64.38
08/02,23:02, 982.19,29.41,64.29
08/02,23:03, 982.13,29.42,64.21
08/02,23:04, 982.13,29.38,64.45
08/02,23:05, 982.10,29.41,64.22
08/02,23:06, 982.13,29.38,64.25
08/02,23:07, 982.20,29.39,64.26
08/02,23:08, 982.14,29.39,64.29
08/02,23:09, 982.18,29.38,64.34
08/02,23:10, 982.25,29.39,64.37
08/02,23:11, 982.15,29.38,64.36
08/02,23:12, 982.17,29.37,64.41
08/02,23:13, 982.18,29.36,64.46
08/02,23:14, 982.17,29.34,64.54
08/02,23:15, 982.19,29.35,64.51
08/02,23:16, 982.23,29.34,64.54
08/02,23:17, 982.24,29.34,64.58
08/02,23:18, 982.14,29.34,64.51
08/02,23:19, 982.18,29.34,64.44
08/02,23:20, 982.11,29.34,64.49
08/02,23:21, 982.12,29.34,64.46
08/02,23:22, 982.12,29.34,64.47
08/02,23:23, 982.14,29.33,64.42
08/02,23:24, 982.15,29.32,64.43
08/02,23:25, 982.15,29.32,64.38
08/02,23:26, 982.08,29.33,64.36
08/02,23:27, 982.05,29.33,64.37
08/02,23:28, 982.12,29.34,64.10
08/02,23:29, 982.13,29.36,63.83
08/02,23:30, 982.08,29.39,64.36
08/02,23:31, 982.09,29.39,64.03
08/02,23:32, 982.07,29.41,63.98
08/02,23:33, 982.06,29.39,64.03
08/02,23:34, 982.14,29.39,64.05
08/02,23:35, 982.15,29.40,64.04
08/02,23:36, 982.10,29.41,64.01
08/02,23:37, 982.09,29.42,63.98
08/02,23:38, 982.07,29.44,63.93
08/02,23:39, 982.08,29.47,63.84
08/02,23:40, 982.05,29.47,63.81
08/02,23:41, 982.07,29.46,63.83
08/02,23:42, 982.10,29.44,63.87
08/02,23:43, 982.04,29.46,63.62
08/02,23:44, 982.05,29.46,63.79
08/02,23:45, 982.08,29.47,63.87
08/02,23:46, 982.15,29.46,63.87
08/02,23:47, 982.06,29.49,63.76
08/02,23:48, 982.07,29.52,63.69
08/02,23:49, 982.15,29.53,63.60
08/02,23:50, 982.09,29.55,63.60
08/02,23:51, 982.13,29.55,63.59
08/02,23:52, 982.09,29.57,63.53
08/02,23:53, 982.05,29.58,63.54
08/02,23:54, 982.09,29.57,63.57
08/02,23:55, 982.11,29.58,63.56
08/02,23:56, 982.09,29.58,63.53
08/02,23:57, 982.08,29.60,63.59
08/02,23:58, 982.11,29.60,63.63
08/02,23:59, 982.12,29.57,63.60
